Year;State;popless72months;confirmedBLL
1997;Alabama;357087.0;0.0656
1998;Alabama;352409.0;0.0554
1999;Alabama;349592.0;0.0311
2000;Alabama;356676.0;0.023
2001;Alabama;357111.0;0.053
2002;Alabama;357111.0;0.0202
2003;Alabama;355715.0;0.0236
2004;Alabama;357382.0;0.0288
2005;Alabama;360396.0;0.0137
2006;Alabama;365075.0;0.0107944056819248
2007;Alabama;370240.0;0.0073844296857714705
2008;Alabama;374378.0;0.00620309403166175
2009;Alabama;377117.0;0.0105
2010;Alabama;365443.0;0.0071
2011;Alabama;363869.0;0.005324623081833121
2012;Alabama;360597.0;0.00739283766597509
2013;Alabama;356565.0;0.0040106503292918205
2014;Alabama;355222.0;0.00520321214571595
2015;Alabama;354230.0;0.00463345274329186
1997;Arizona;437505.0;
1998;Arizona;451607.0;
1999;Arizona;462341.0;0.0871
2000;Arizona;459141.0;0.025
2001;Arizona;463085.0;0.0212
2002;Arizona;463085.0;0.0189
2003;Arizona;506655.0;0.3248
2004;Arizona;526883.0;0.0377
2005;Arizona;553123.0;0.0061
2006;Arizona;587953.0;0.00395273107092387
2007;Arizona;605565.0;0.00240533007308841
2008;Arizona;616345.0;0.00250226352363825
2009;Arizona;619403.0;0.0023
2010;Arizona;546609.0;0.0023
2011;Arizona;534113.0;0.00126822059974074
2012;Arizona;527769.0;0.00164326513186097
2013;Arizona;522392.0;0.00129117642063648
2014;Arizona;521060.0;0.0013245287118479599
2015;Arizona;521310.0;0.0019434293499216398
1997;California;3204502.0;0.1833
1998;California;3104123.0;0.1566
1999;California;3029049.0;0.1541
2000;California;3018386.0;0.1161
2001;California;3034623.0;0.0932
2002;California;3034623.0;0.0717
2003;California;3034623.0;0.011000000000000001
2004;California;3034623.0;0.0074
2005;California;3159667.0;0.011000000000000001
2006;California;3191914.0;0.0108582944817801
2007;California;3209321.0;0.0039763590320944795
2008;California;3252643.0;0.00266499444842339
2009;California;3284693.0;0.00218051625415683
2010;California;3036508.0;0.00205528899095952
2011;California;3037143.0;0.00204458110965788
2012;California;3023709.0;
2013;California;3011879.0;
2014;LA County only;3014451.0;0.0025
2015;LA County only;3017125.0;0.0082
1997;Colorado;331728.0;0.0355
1998;Colorado;339604.0;0.0301
1999;Colorado;345246.0;0.0267
2000;Colorado;359123.0;0.017
2001;Colorado;370914.0;0.0126
2002;Colorado;370914.0;
2003;Colorado;370914.0;
2004;Colorado;370914.0;
2005;Colorado;370914.0;
2006;Colorado;413949.0;
2007;Colorado;413949.0;
2008;Colorado;413949.0;
2009;Colorado;413949.0;
2010;Colorado;413949.0;
2011;Colorado;411855.0;
2012;Colorado;408722.0;
2013;Colorado;405810.0;
2014;Colorado;405720.0;0.00169133185409009
2015;Colorado;406769.0;
1997;Connecticut;260336.0;0.0133
1998;Connecticut;261163.0;0.0397
1999;Connecticut;263845.0;0.0328
2000;Connecticut;270187.0;0.0367
2001;Connecticut;270763.0;0.03
2002;Connecticut;270763.0;0.026000000000000002
2003;Connecticut;261945.0;0.0229
2004;Connecticut;260760.0;0.0218
2005;Connecticut;257471.0;0.0189
2006;Connecticut;257952.0;0.0166074386600784
2007;Connecticut;256698.0;0.0147302197292447
2008;Connecticut;255423.0;0.0144636044278741
2009;Connecticut;253975.0;0.00917763262987137
2010;Connecticut;245428.0;0.00952808652073145
2011;Connecticut;241912.0;0.00927958078682423
2012;Connecticut;237873.0;0.00715121207758784
2013;Connecticut;233754.0;0.0180386416614056
2014;Connecticut;231071.0;0.00692923413589597
2015;Connecticut;228774.0;0.00813965313136578
1997;Delaware;59811.0;0.5357
1998;Delaware;59695.0;0.0276
1999;Delaware;60211.0;0.0237
2000;Delaware;62122.0;0.0239
2001;Delaware;62380.0;0.0175
2002;Delaware;62380.0;0.0194
2003;Delaware;64227.0;0.0272
2004;Delaware;65448.0;0.018000000000000002
2005;Delaware;67121.0;0.0046
2006;Delaware;68824.0;0.00712324064538277
2007;Delaware;69852.0;0.00202298117801547
2008;Delaware;71068.0;0.0027985842898488
2009;Delaware;71257.0;0.00375344068743289
2010;Delaware;67146.0;0.00543478270992637
2011;Delaware;67184.0;0.00521788978949189
2012;Delaware;67317.0;0.0036481956485658897
2013;Delaware;67096.0;0.00345588242635131
2014;Delaware;67153.0;0.0033010405022651
2015;Delaware;67120.0;0.00413927435874939
1997;District of Columbia;39660.0;0.7158
1998;District of Columbia;35348.0;0.033
1999;District of Columbia;33320.0;0.0183
2000;District of Columbia;39326.0;0.0125
2001;District of Columbia;39356.0;0.0097
2002;District of Columbia;39356.0;0.0077
2003;District of Columbia;39298.0;0.0209
2004;District of Columbia;39661.0;0.0179
2005;District of Columbia;40625.0;0.0125
2006;District of Columbia;41370.0;0.0136297875580599
2007;District of Columbia;41644.0;0.00757757062092423
2008;District of Columbia;42844.0;0.006527611054480079
2009;District of Columbia;44063.0;0.00699137710034847
2010;District of Columbia;38156.0;
2011;District of Columbia;41563.0;
2012;District of Columbia;44439.0;
2013;District of Columbia;46892.0;
2014;District of Columbia;48854.0;0.00304785137996078
2015;District of Columbia;49926.0;
1997;Florida;1152887.0;0.0605
1998;Florida;1154343.0;0.0635
1999;Florida;1149495.0;0.0439
2000;Florida;1142293.0;0.0158
2001;Florida;1149277.0;0.0101
2002;Florida;1149277.0;0.0117
2003;Florida;1221742.0;0.0073
2004;Florida;1260302.0;0.0049
2005;Florida;1305410.0;0.0028
2006;Florida;1366028.0;0.00237677056299753
2007;Florida;1380861.0;0.005311659071594479
2008;Florida;1387027.0;0.00222093658521771
2009;Florida;1391397.0;0.0012399565894156699
2010;Florida;1288261.0;0.00195672595873475
2011;Florida;1291271.0;0.00128095143008977
2012;Florida;1295134.0;0.00172148016281426
2013;Florida;1296695.0;
2014;Florida;1310642.0;
2015;Florida;1328284.0;
1997;Georgia;673948.0;
1998;Georgia;685213.0;0.0198
1999;Georgia;694317.0;0.0249
2000;Georgia;714090.0;0.0169
2001;Georgia;718870.0;0.0128
2002;Georgia;718870.0;0.0088
2003;Georgia;781188.0;0.0071
2004;Georgia;803602.0;0.0047
2005;Georgia;828572.0;0.0033
2006;Georgia;862800.0;0.0028483335780355302
2007;Georgia;882924.0;0.00265063159167767
2008;Georgia;894961.0;0.00230375328101218
2009;Georgia;900315.0;0.0023
2010;Georgia;825000.0;0.0019
2011;Georgia;819058.0;0.00231516570784152
2012;Georgia;812675.0;0.0020273255649954102
2013;Georgia;804603.0;0.00196816376410425
2014;Georgia;802436.0;0.00149174325633794
2015;Georgia;801068.0;0.00117609661538154
1997;Illinois;1089142.0;0.1752
1998;Illinois;1071765.0;0.1459
1999;Illinois;1061071.0;0.1133
2000;Illinois;1059514.0;0.0941
2001;Illinois;1061668.0;0.0789
2002;Illinois;1061668.0;0.0637
2003;Illinois;1054254.0;0.0768
2004;Illinois;1057879.0;0.0633
2005;Illinois;1059707.0;0.0498
2006;Illinois;1068210.0;0.0361928098199724
2007;Illinois;1065273.0;0.0314828641712666
2008;Illinois;1068806.0;0.0214321035891771
2009;Illinois;1073254.0;0.018000000000000002
2010;Illinois;1005860.0;0.0144740957766771
2011;Illinois;994484.0;0.0117992386221886
2012;Illinois;981636.0;0.0128987664356828
2013;Illinois;967588.0;0.0107953101396561
2014;Illinois;957585.0;0.0107079613953829
2015;Illinois;947170.0;0.0114277536049485
1997;Indiana;494918.0;0.0312
1998;Indiana;495192.0;0.0276
1999;Indiana;497865.0;0.028999999999999998
2000;Indiana;508845.0;0.0224
2001;Indiana;509812.0;0.0218
2002;Indiana;509812.0;0.0208
2003;Indiana;512422.0;0.0163
2004;Indiana;515932.0;0.0137
2005;Indiana;518957.0;0.0128
2006;Indiana;525656.0;0.011676815870425
2007;Indiana;528055.0;0.010447708889842
2008;Indiana;532593.0;0.0103286225348711
2009;Indiana;534603.0;0.0093
2010;Indiana;522074.0;0.0075
2011;Indiana;517361.0;0.0067
2012;Indiana;512051.0;0.0066
2013;Indiana;509391.0;0.00578011712059379
2014;Indiana;507787.0;0.00537493452429771
2015;Indiana;507139.0;0.00848405715078115
1997;Iowa;220872.0;0.0561
1998;Iowa;220543.0;0.0495
1999;Iowa;220379.0;0.0381
2000;Iowa;227062.0;0.0351
2001;Iowa;227171.0;0.0289
2002;Iowa;227171.0;0.0267
2003;Iowa;225878.0;0.0241
2004;Iowa;226981.0;0.022000000000000002
2005;Iowa;228461.0;0.02
2006;Iowa;233178.0;0.0166508914601402
2007;Iowa;236289.0;0.0118152527138591
2008;Iowa;240215.0;0.00804498419165611
2009;Iowa;242913.0;0.00773460092023015
2010;Iowa;242345.0;0.00685314880684018
2011;Iowa;239838.0;0.00655497005209327
2012;Iowa;238018.0;0.0069619701243937
2013;Iowa;237098.0;
2014;Iowa;237630.0;
2015;Iowa;237898.0;
1997;Kansas;217762.0;0.0833
1998;Kansas;219444.0;0.0204
1999;Kansas;220941.0;0.0559
2000;Kansas;226862.0;0.0306
2001;Kansas;227151.0;0.0301
2002;Kansas;227151.0;0.0227
2003;Kansas;229896.0;0.0139
2004;Kansas;230947.0;0.011000000000000001
2005;Kansas;231787.0;0.0144
2006;Kansas;234045.0;0.0113512333551626
2007;Kansas;238051.0;0.00948817282915115
2008;Kansas;241491.0;0.00736215524375439
2009;Kansas;244723.0;0.0067710787989199205
2010;Kansas;246178.0;0.006063268985599279
2011;Kansas;244879.0;0.0068402215838432295
2012;Kansas;243692.0;0.00623245816677809
2013;Kansas;241530.0;
2014;Kansas;239674.0;
2015;Kansas;238000.0;
1997;Kentucky;316998.0;
1998;Kentucky;314074.0;
1999;Kentucky;311757.0;
2000;Kentucky;320380.0;0.0089
2001;Kentucky;320916.0;0.013000000000000001
2002;Kentucky;320916.0;0.0111
2003;Kentucky;324521.0;0.0067
2004;Kentucky;326351.0;0.006999999999999999
2005;Kentucky;329379.0;0.0083
2006;Kentucky;334939.0;0.00500710885825555
2007;Kentucky;338732.0;0.0036758955102413897
2008;Kentucky;343261.0;0.0044140741229057295
2009;Kentucky;344443.0;0.0027
2010;Kentucky;338977.0;0.0062
2011;Kentucky;337320.0;0.00437232339754701
2012;Kentucky;334729.0;0.00857100635766983
2013;Kentucky;333338.0;0.00519303046166897
2014;Kentucky;333243.0;0.0036751457955688203
2015;Kentucky;333383.0;0.0036949950736016
1997;Louisiana;;
1998;Louisiana;379751.0;0.023782804608345
1999;Louisiana;378280.0;0.0319636799395084
2000;Louisiana;380455.0;0.0332088954746723
2001;Louisiana;378831.0;0.0238652210682631
2002;Louisiana;379911.0;0.0192602165043354
2003;Louisiana;382166.0;0.0159239806234837
2004;Louisiana;383774.0;0.0136727206408978
2005;Louisiana;385131.0;0.0100545873865485
2006;Louisiana;348354.0;0.00481072413109674
2007;Louisiana;366923.0;0.00373974756703922
2008;Louisiana;378222.0;0.004725098609924321
2009;Louisiana;382744.0;0.00467048538848758
2010;Louisiana;375722.0;0.00248686014674604
2011;Louisiana;375267.0;0.06434316188097
2012;Louisiana;373249.0;0.104838706552982
2013;Louisiana;371434.0;0.0184414032846689
2014;Louisiana;372000.0;0.0067844744771719
2015;Louisiana;373355.0;0.00801505893468857
1997;Maine;84280.0;0.0396
1998;Maine;82130.0;0.0397
1999;Maine;81394.0;0.035
2000;Maine;85915.0;0.0327
2001;Maine;86075.0;0.0287
2002;Maine;86075.0;0.0203
2003;Maine;85014.0;0.0174
2004;Maine;85370.0;0.021
2005;Maine;85311.0;0.0199
2006;Maine;85950.0;0.0178571428571429
2007;Maine;86034.0;0.0143284862861037
2008;Maine;85994.0;0.0139531577005982
2009;Maine;85245.0;0.0114376610144973
2010;Maine;84268.0;0.0108241261914372
2011;Maine;82289.0;0.009311653673648829
2012;Maine;81054.0;
2013;Maine;79994.0;
2014;Maine;79276.0;
2015;Maine;78691.0;
1997;Maryland;422725.0;0.8809999999999999
1998;Maryland;418567.0;0.8744
1999;Maryland;418912.0;0.6995
2000;Maryland;427939.0;0.0538
2001;Maryland;429749.0;0.0424
2002;Maryland;429749.0;0.0269
2003;Maryland;435561.0;0.02
2004;Maryland;441016.0;0.015
2005;Maryland;443545.0;0.0121
2006;Maryland;450269.0;0.010932407263697
2007;Maryland;450695.0;0.00785850919783115
2008;Maryland;452413.0;0.00661354651674628
2009;Maryland;455586.0;0.005
2010;Maryland;437188.0;0.0044
2011;Maryland;441219.0;0.003957556094974279
2012;Maryland;441829.0;0.00310528255067766
2013;Maryland;441661.0;0.00323340273462236
2014;Maryland;443801.0;0.00299755251035094
2015;Maryland;443976.0;0.00329923816025257
1997;Massachusetts;480892.0;0.0323
1998;Massachusetts;474905.0;0.0233
1999;Massachusetts;473447.0;0.0203
2000;Massachusetts;480422.0;0.017
2001;Massachusetts;481406.0;0.0148
2002;Massachusetts;481406.0;0.0132
2003;Massachusetts;471344.0;0.0094
2004;Massachusetts;466766.0;0.0105
2005;Massachusetts;462406.0;0.0092
2006;Massachusetts;464771.0;0.00836216712903325
2007;Massachusetts;461558.0;0.00693278666585684
2008;Massachusetts;461954.0;0.00541520211845636
2009;Massachusetts;463357.0;0.0043
2010;Massachusetts;442592.0;0.0044
2011;Massachusetts;443672.0;0.0035215320531278797
2012;Massachusetts;442240.0;0.0035823034122586203
2013;Massachusetts;440766.0;0.00324495113454759
2014;Massachusetts;441043.0;0.0037025855854153603
2015;Massachusetts;441370.0;0.00333181512542069
1997;Michigan;896282.0;0.1706
1998;Michigan;884174.0;0.1101
1999;Michigan;882427.0;0.0797
2000;Michigan;907361.0;0.0597
2001;Michigan;908908.0;0.0592
2002;Michigan;908908.0;0.048
2003;Michigan;792548.0;0.0345
2004;Michigan;787762.0;0.0273
2005;Michigan;779772.0;0.0263
2006;Michigan;774814.0;0.0183960701269142
2007;Michigan;760435.0;0.0148473531007767
2008;Michigan;749457.0;0.0120919784530997
2009;Michigan;742424.0;0.00943859852850437
2010;Michigan;720314.0;0.00792780611664057
2011;Michigan;710982.0;0.0063276132568717
2012;Michigan;702118.0;0.0052824723534286
2013;Michigan;696073.0;0.00387901649810374
2014;Michigan;693605.0;0.00457170000299811
2015;Michigan;691424.0;0.00487221125513315
1997;Minnesota;383055.0;0.05
1998;Minnesota;384854.0;0.0435
1999;Minnesota;387695.0;0.0331
2000;Minnesota;397581.0;0.0247
2001;Minnesota;398895.0;0.0229
2002;Minnesota;398895.0;0.0163
2003;Minnesota;401030.0;0.0131
2004;Minnesota;405815.0;0.0096
2005;Minnesota;409634.0;0.0085
2006;Minnesota;419902.0;0.0071567383892102
2007;Minnesota;425916.0;0.0059767016209662
2008;Minnesota;431859.0;0.00421206280589104
2009;Minnesota;435423.0;0.0038
2010;Minnesota;427426.0;0.0031
2011;Minnesota;424728.0;0.00285567925311625
2012;Minnesota;421794.0;0.00284495018422604
2013;Minnesota;420726.0;0.0021339589729905102
2014;Minnesota;421820.0;0.00246966234408319
2015;Minnesota;422572.0;0.00245929649099708
1997;Mississippi;245690.0;0.9541
1998;Mississippi;243965.0;0.5449
1999;Mississippi;243619.0;0.0965
2000;Mississippi;246122.0;0.0152
2001;Mississippi;246449.0;0.0259
2002;Mississippi;246449.0;0.02
2003;Mississippi;247510.0;0.0141
2004;Mississippi;250336.0;0.0099
2005;Mississippi;252735.0;0.0094
2006;Mississippi;252907.0;0.008604897801774009
2007;Mississippi;258738.0;0.00596530688926578
2008;Mississippi;263140.0;0.00481773307546973
2009;Mississippi;265500.0;0.0046
2010;Mississippi;252345.0;0.0039
2011;Mississippi;247977.0;0.0038020983338356
2012;Mississippi;243538.0;0.0037301178090274295
2013;Mississippi;238636.0;0.00288044987246394
2014;Mississippi;235823.0;0.0024520440492779
2015;Mississippi;234118.0;0.00245624082162976
1997;Missouri;443042.0;0.1212
1998;Missouri;438960.0;0.1135
1999;Missouri;437313.0;0.0977
2000;Missouri;445566.0;0.0868
2001;Missouri;446404.0;0.0515
2002;Missouri;446404.0;0.0426
2003;Missouri;450001.0;0.0381
2004;Missouri;453524.0;0.0257
2005;Missouri;457918.0;0.0229
2006;Missouri;468328.0;0.0146513742219736
2007;Missouri;473680.0;0.0106205344200134
2008;Missouri;479203.0;0.007293954025954009
2009;Missouri;482354.0;0.0074
2010;Missouri;468264.0;0.0084
2011;Missouri;463229.0;0.0053
2012;Missouri;458744.0;0.006999999999999999
2013;Missouri;454749.0;
2014;Missouri;453154.0;
2015;Missouri;451955.0;0.0050987275317311296
1997;Nevada;;
1998;Nevada;;
1999;Nevada;;
2000;Nevada;;
2001;Nevada;;
2002;Nevada;;
2003;Nevada;;
2004;Nevada;;
2005;Nevada;;
2006;Nevada;227672.0;0.00242914979757085
2007;Nevada;237393.0;0.00217716696149136
2008;Nevada;241596.0;0.00191256830601093
2009;Nevada;243019.0;0.00135717707169088
2010;Nevada;224163.0;0.0018386408766639698
2011;Nevada;220053.0;
2012;Nevada;217098.0;
2013;Nevada;214634.0;
2014;Nevada;214436.0;
2015;Nevada;215069.0;
1997;New Hampshire;89518.0;0.0319
1998;New Hampshire;89254.0;0.0353
1999;New Hampshire;89711.0;0.0387
2000;New Hampshire;92378.0;0.0358
2001;New Hampshire;92820.0;0.0289
2002;New Hampshire;92820.0;0.0273
2003;New Hampshire;91469.0;0.0286
2004;New Hampshire;91216.0;0.0274
2005;New Hampshire;91417.0;0.0225
2006;New Hampshire;93071.0;0.0208699176009726
2007;New Hampshire;91981.0;0.016850333660841002
2008;New Hampshire;90878.0;0.0151457777246833
2009;New Hampshire;89872.0;0.0126
2010;New Hampshire;84767.0;0.0115
2011;New Hampshire;83297.0;0.0102004921063781
2012;New Hampshire;81314.0;0.00872200448065996
2013;New Hampshire;80072.0;0.00759943202137947
2014;New Hampshire;79240.0;0.00663845939561725
2015;New Hampshire;78748.0;0.00646167574450374
1997;New Jersey;677474.0;0.2322
1998;New Jersey;665655.0;0.21
1999;New Jersey;657145.0;0.20800000000000002
2000;New Jersey;681609.0;0.0283
2001;New Jersey;683569.0;0.0206
2002;New Jersey;683569.0;0.0126
2003;New Jersey;676790.0;0.0183
2004;New Jersey;679700.0;0.0171
2005;New Jersey;677255.0;0.0152
2006;New Jersey;677765.0;0.0148551993197619
2007;New Jersey;674236.0;0.0135332802310586
2008;New Jersey;672523.0;0.009921900928020479
2009;New Jersey;670464.0;0.0074
2010;New Jersey;652622.0;0.0073
2011;New Jersey;651994.0;0.0068875621072948
2012;New Jersey;647775.0;0.0053137890063226206
2013;New Jersey;643720.0;0.00471121491864324
2014;New Jersey;642004.0;0.0045589716173708396
2015;New Jersey;639331.0;0.00479847518727183
1997;New Mexico;162814.0;0.012
1998;New Mexico;160514.0;0.0053
1999;New Mexico;158269.0;0.0062
2000;New Mexico;157212.0;0.0071
2001;New Mexico;156310.0;0.0145
2002;New Mexico;156310.0;
2003;New Mexico;156310.0;
2004;New Mexico;156310.0;
2005;New Mexico;156310.0;
2006;New Mexico;173918.0;
2007;New Mexico;173918.0;
2008;New Mexico;173918.0;
2009;New Mexico;173918.0;
2010;New Mexico;173918.0;0.0
2011;New Mexico;172615.0;0.0131578948348761
2012;New Mexico;170052.0;0.0063694268465042106
2013;New Mexico;167079.0;0.00190930790267885
2014;New Mexico;164874.0;0.0015792535850778198
2015;New Mexico;163011.0;0.0021017233375459896
1997;New York (Excl NYC);1555068.0;0.0631
1998;New York (Excl NYC);1504741.0;0.0547
1999;New York (Excl NYC);1469922.0;0.0456
2000;New York (Excl NYC);1500961.0;0.0341
2001;New York (Excl NYC);1503096.0;0.0282
2002;New York (Excl NYC);1503096.0;0.025
2003;New York (Excl NYC);1456853.0;0.0236
2004;New York (Excl NYC);1456326.0;0.0205
2005;New York (Excl NYC);1451229.0;0.0187
2006;New York (Excl NYC);1462486.0;0.018201797287004
2007;New York (Excl NYC);1457376.0;0.0144708063453436
2008;New York (Excl NYC);1460682.0;0.0120537932962179
2009;New York (Excl NYC);1465524.0;0.0109208431094885
2010;New York (Excl NYC);1386618.0;0.0113494535908103
2011;New York (Excl NYC);1401605.0;0.009591346606612209
2012;New York (Excl NYC);1404650.0;0.0118631618097425
2013;New York (Excl NYC);1407591.0;
2014;New York (Excl NYC);1411333.0;0.0145864505320787
2015;New York (Excl NYC);1412031.0;0.00913489144295454
1997;New York City;670352.0;0.0333
1998;New York City;658254.0;0.0341
1999;New York City;648360.0;0.027000000000000003
2000;New York City;639087.0;0.0211
2001;New York City;639380.0;0.016
2002;New York City;639380.0;0.0139
2003;New York City;639380.0;0.0117
2004;New York City;639380.0;0.0103
2005;New York City;639380.0;0.0096
2006;New York City;639380.0;0.0084540567160504
2007;New York City;639380.0;0.0068
2008;New York City;639380.0;0.00549511658027768
2009;New York City;639380.0;0.0047
2010;New York City;639380.0;0.0046
2011;New York City;639380.0;0.0038042115047574
2012;New York City;639380.0;0.00307302363216877
2013;New York City;639380.0;0.0026997290551662397
2014;New York City;639380.0;0.00289943790994585
2015;New York City;639380.0;0.00285037932917476
1997;North Carolina;629399.0;0.013000000000000001
1998;North Carolina;636257.0;0.011000000000000001
1999;North Carolina;641514.0;0.0097
2000;North Carolina;647879.0;0.0108
2001;North Carolina;651034.0;0.0082
2002;North Carolina;651034.0;0.0075
2003;North Carolina;690130.0;0.0074
2004;North Carolina;701505.0;0.0093
2005;North Carolina;718173.0;0.0037
2006;North Carolina;743664.0;0.0036881159080244
2007;North Carolina;764331.0;0.00321374515346497
2008;North Carolina;781826.0;0.0025061016705163397
2009;North Carolina;793284.0;0.00193291011041672
2010;North Carolina;758123.0;0.0015
2011;North Carolina;753688.0;0.00127193937078118
2012;North Carolina;745906.0;0.00128820387180895
2013;North Carolina;738792.0;0.00112811592407525
2014;North Carolina;734996.0;0.00139503262471408
2015;North Carolina;733329.0;0.0018075384432449898
1997;Ohio;907805.0;0.1414
1998;Ohio;896793.0;0.1328
1999;Ohio;893169.0;0.0823
2000;Ohio;909727.0;0.0708
2001;Ohio;907202.0;0.0592
2002;Ohio;898516.0;0.0481
2003;Ohio;895421.0;0.0398
2004;Ohio;893379.0;0.0336
2005;Ohio;889585.0;0.0255
2006;Ohio;891209.0;0.0210393254708864
2007;Ohio;888331.0;0.0178870875388384
2008;Ohio;888059.0;0.0168173685669899
2009;Ohio;887483.0;0.0129
2010;Ohio;866996.0;0.0092
2011;Ohio;856237.0;0.0109416488558054
2012;Ohio;845811.0;0.0112645253539085
2013;Ohio;840452.0;0.009314118884503841
2014;Ohio;838137.0;0.00951797142624855
2015;Ohio;837481.0;0.009509820491075521
1997;Oklahoma;275375.0;0.0372
1998;Oklahoma;276764.0;0.0217
1999;Oklahoma;278461.0;0.0147
2000;Oklahoma;283208.0;0.0162
2001;Oklahoma;283596.0;0.0122
2002;Oklahoma;283596.0;0.0113
2003;Oklahoma;292379.0;0.0116
2004;Oklahoma;293972.0;0.0099
2005;Oklahoma;297963.0;0.01
2006;Oklahoma;305307.0;0.0078087413493209
2007;Oklahoma;312372.0;0.00809624046087265
2008;Oklahoma;316420.0;0.00564823346212506
2009;Oklahoma;323421.0;0.0047
2010;Oklahoma;316500.0;0.0036
2011;Oklahoma;317618.0;0.00398922897875309
2012;Oklahoma;317666.0;0.004541349131613971
2013;Oklahoma;319283.0;0.00459425477311015
2014;Oklahoma;320390.0;0.00501354364678264
2015;Oklahoma;322132.0;0.00403483724221587
1997;Oregon;257876.0;0.0162
1998;Oregon;261090.0;0.0173
1999;Oregon;263482.0;0.0182
2000;Oregon;268083.0;0.0157
2001;Oregon;269102.0;0.0109
2002;Oregon;269102.0;0.0086
2003;Oregon;271653.0;0.0086
2004;Oregon;271142.0;0.0053
2005;Oregon;274128.0;0.0057
2006;Oregon;282299.0;0.005522169887932429
2007;Oregon;287031.0;0.00418035220354795
2008;Oregon;291910.0;0.00435988884419203
2009;Oregon;295456.0;0.0036
2010;Oregon;284723.0;0.0032
2011;Oregon;283300.0;0.00268466118723154
2012;Oregon;280534.0;0.0022675737272948
2013;Oregon;278438.0;0.00121388689149171
2014;Oregon;278663.0;0.00116269406862557
2015;Oregon;279371.0;0.00123334978707135
1997;Pennsylvania;895951.0;0.2419
1998;Pennsylvania;877252.0;0.2002
1999;Pennsylvania;864659.0;0.0971
2000;Pennsylvania;884030.0;0.0914
2001;Pennsylvania;884426.0;0.0941
2002;Pennsylvania;884426.0;0.0984
2003;Pennsylvania;864192.0;0.0814
2004;Pennsylvania;868167.0;0.0549
2005;Pennsylvania;870381.0;0.0467
2006;Pennsylvania;884629.0;0.0450451680743993
2007;Pennsylvania;889347.0;0.0316693000495434
2008;Pennsylvania;894631.0;0.0267614610493183
2009;Pennsylvania;896565.0;0.0223100613802671
2010;Pennsylvania;877769.0;0.0198754463344812
2011;Pennsylvania;875248.0;0.0183453653007746
2012;Pennsylvania;870401.0;0.0161812920123339
2013;Pennsylvania;865120.0;0.013822908513248001
2014;Pennsylvania;863080.0;0.0128920925781131
2015;Pennsylvania;862150.0;0.0159894749522209
1997;Rhode Island;77157.0;0.0881
1998;Rhode Island;75134.0;0.0743
1999;Rhode Island;75194.0;0.0685
2000;Rhode Island;77648.0;0.0608
2001;Rhode Island;77859.0;0.0584
2002;Rhode Island;77859.0;0.0512
2003;Rhode Island;76577.0;0.039
2004;Rhode Island;76185.0;0.039
2005;Rhode Island;74604.0;0.0292044598609209
2006;Rhode Island;73945.0;0.0235198698937893
2007;Rhode Island;73262.0;0.0189234148710966
2008;Rhode Island;72937.0;0.0160515159368515
2009;Rhode Island;72697.0;0.0154
2010;Rhode Island;69386.0;0.0132
2011;Rhode Island;68344.0;0.0103048970922828
2012;Rhode Island;67551.0;0.00889673456549645
2013;Rhode Island;66847.0;0.00828419532626867
2014;Rhode Island;66615.0;0.00808073300868273
2015;Rhode Island;66500.0;0.008806224912405009
1997;Tennessee;1928518.0;0.0295244343578815
1998;Tennessee;439093.0;0.0765045508742332
1999;Tennessee;440669.0;0.0674769505858421
2000;Tennessee;451483.0;0.0296154767274857
2001;Tennessee;455140.0;0.0108598992228508
2002;Tennessee;457351.0;0.00840174034237862
2003;Tennessee;464924.0;0.0060971854254603395
2004;Tennessee;470610.0;0.0057482193224132104
2005;Tennessee;478082.0;0.00446277763694525
2006;Tennessee;487274.0;0.00417770678177476
2007;Tennessee;493904.0;0.00513411592692137
2008;Tennessee;;
2009;Tennessee;;
2010;Tennessee;489413.0;0.0019271535566076602
2011;Tennessee;486120.0;0.00188838504254818
2012;Tennessee;485608.0;0.0018583465134725
2013;Tennessee;483511.0;0.0013672957429662301
2014;Tennessee;484242.0;0.00135354953818023
2015;Tennessee;485742.0;0.00117510219570249
1997;Texas;1928518.0;0.0389
1998;Texas;1950129.0;0.0274
1999;Texas;1963136.0;0.0635
2000;Texas;1948297.0;0.0284
2001;Texas;1960424.0;0.0101
2002;Texas;1960424.0;0.0105
2003;Texas;2113720.0;0.0079
2004;Texas;2171911.0;0.0056
2005;Texas;2233908.0;0.0051
2006;Texas;2340853.0;0.00465074621361295
2007;Texas;2389871.0;0.00331040751188993
2008;Texas;2440026.0;0.00274357898160815
2009;Texas;2483090.0;0.00269218487665057
2010;Texas;2315927.0;0.00260088406503201
2011;Texas;2328028.0;0.0025757022667676197
2012;Texas;2334416.0;
2013;Texas;2342070.0;
2014;Houston only;2364850.0;0.0108695654198527
2015;Houston only;2389335.0;
1997;Vermont;41322.0;0.0455084494515268
1998;Vermont;39917.0;0.0383570401150711
1999;Vermont;39042.0;0.0273197542838668
2000;Vermont;41671.0;0.027514378983367
2001;Vermont;40731.0;0.0223938223938224
2002;Vermont;40102.0;0.0219454329774614
2003;Vermont;39759.0;0.0199504878403961
2004;Vermont;39804.0;0.0172335600907029
2005;Vermont;39508.0;0.0134468848050202
2006;Vermont;39372.0;0.0128857606930157
2007;Vermont;39250.0;0.009928472340106959
2008;Vermont;39243.0;0.008799754083156591
2009;Vermont;39140.0;0.0059
2010;Vermont;38743.0;0.0066
2011;Vermont;38364.0;0.0068418444134295
2012;Vermont;37831.0;0.00650823395699263
2013;Vermont;37356.0;0.00510471221059561
2014;Vermont;37099.0;0.00596672389656305
2015;Vermont;36857.0;0.004260066896677021
1997;Virginia;542983.0;0.0673
1998;Virginia;542156.0;0.0395
1999;Virginia;542731.0;0.0205
2000;Virginia;557736.0;0.0239
2001;Virginia;560065.0;0.0118
2002;Virginia;560065.0;0.0109
2003;Virginia;581570.0;0.008
2004;Virginia;594940.0;0.0089
2005;Virginia;606125.0;0.0076
2006;Virginia;620605.0;0.00651363262143445
2007;Virginia;626398.0;0.005479387473315
2008;Virginia;631070.0;0.004539559129625561
2009;Virginia;638237.0;0.00430764397606254
2010;Virginia;611895.0;0.00336355227045715
2011;Virginia;615148.0;0.00283323531039059
2012;Virginia;616529.0;
2013;Virginia;616342.0;
2014;Virginia;617592.0;
2015;Virginia;618830.0;
1997;Washington;466597.0;0.0102
1998;Washington;469215.0;0.0122
1999;Washington;469925.0;0.009000000000000001
2000;Washington;475456.0;0.0111
2001;Washington;477458.0;0.0092
2002;Washington;477458.0;0.0064
2003;Washington;479096.0;0.0056
2004;Washington;483900.0;0.0066
2005;Washington;487277.0;0.0075
2006;Washington;505604.0;0.00619322873658134
2007;Washington;515374.0;
2008;Washington;527089.0;0.0030502884183079
2009;Washington;538111.0;0.0027693856973201
2010;Washington;526207.0;0.00231903255917132
2011;Washington;531361.0;0.00152597203850746
2012;Washington;532425.0;0.00101637491025031
2013;Washington;533822.0;
2014;Washington;536205.0;
2015;Washington;538927.0;
1997;West Virginia;126536.0;0.0226
1998;West Virginia;124234.0;0.0226
1999;West Virginia;122311.0;0.0174
2000;West Virginia;122919.0;0.0147
2001;West Virginia;122793.0;0.0121
2002;West Virginia;122793.0;0.0109
2003;West Virginia;122919.0;0.0109
2004;West Virginia;124498.0;0.0105
2005;West Virginia;125265.0;0.0083
2006;West Virginia;126125.0;0.00858951175406872
2007;West Virginia;127078.0;0.008349021896719929
2008;West Virginia;127519.0;0.00757288932800293
2009;West Virginia;127500.0;0.008
2010;West Virginia;125045.0;0.0071
2011;West Virginia;124600.0;0.00580700254067779
2012;West Virginia;124290.0;0.005337766837328671
2013;West Virginia;123897.0;0.0036971683148294705
2014;West Virginia;123913.0;0.0097902100533247
2015;West Virginia;124195.0;0.006950122769922021
1997;Wisconsin;405409.0;0.1024
1998;Wisconsin;403252.0;0.0766
1999;Wisconsin;401769.0;0.0646
2000;Wisconsin;414337.0;0.0556
2001;Wisconsin;415154.0;0.0462
2002;Wisconsin;415154.0;0.0412
2003;Wisconsin;416392.0;0.0348
2004;Wisconsin;419520.0;0.03
2005;Wisconsin;420921.0;0.027000000000000003
2006;Wisconsin;426108.0;0.0194629399282944
2007;Wisconsin;429850.0;0.0170635227113962
2008;Wisconsin;433259.0;0.0138340126723051
2009;Wisconsin;436106.0;0.0116
2010;Wisconsin;431404.0;0.0103
2011;Wisconsin;427077.0;0.009921629913151259
2012;Wisconsin;422592.0;0.0092063108459115
2013;Wisconsin;418059.0;0.00808898918330669
2014;Wisconsin;414767.0;0.0076614171266555795
2015;Wisconsin;411908.0;0.007665101438760759
1997;U.S. Totals;23345397.0;0.0761
1998;U.S. Totals;23143133.0;0.065
1999;U.S. Totals;23023683.0;0.0503
2000;U.S. Totals;23304631.0;0.0396
2001;U.S. Totals;23380551.0;0.0303
2002;U.S. Totals;23380855.0;0.0256
2003;U.S. Totals;23612242.0;0.0227
2004;U.S. Totals;23903723.0;0.0176
2005;U.S. Totals;24204520.0;0.0153
2006;U.S. Totals;24740680.0;0.0120226630689277
2007;U.S. Totals;25004927.0;0.00936685036867857
2008;U.S. Totals;25279376.0;0.007232247851789
2009;U.S. Totals;25485229.0;0.0061
2010;U.S. Totals;24258220.0;0.0059798276051878894
2011;U.S. Totals;24452138.0;0.0054419026710093
2012;U.S. Totals;24324502.0;0.00606999127194285
2013;U.S. Totals;24209230.0;0.00544093456119299
2014;U.S. Totals;24205138.0;0.00532796373590827
2015;U.S. Totals;24219632.0;0.0049918876029551
